GEOID10,Pop2010,SqMi
01029,14972,561.0773315
01031,49948,680.5001831
01037,11539,666.4384766
01039,37765,1043.8742676
01041,13906,610.8997803
01045,50251,562.5929565
01049,71109,778.7202759
01053,38319,952.8903809
01057,17241,629.3614502
01061,26790,578.9047852
01067,17302,568.3478394
01075,14564,605.6200562
01077,92709,721.1892700
01079,34339,717.0028076
01001,54571,604.4135742
01003,182265,1680.0211182
01005,27457,904.5112915
01007,22915,626.3263550
01009,57322,650.6290283
01011,10914,625.1925659
01023,13859,921.0704346
01025,25833,1252.6120605
01027,13932,605.9094238
01033,54428,622.0696411
01035,13228,852.7214355
01043,80406,755.0075073
01047,43820,993.7638550
01051,79303,657.0294800
01055,104430,548.7127686
01059,31704,646.6987305
01063,9045,659.8939819
01065,15760,656.3805542
01071,53227,1127.0056152
01073,658466,1123.8455811
01085,11299,725.0522461
01087,21452,613.2163086
01089,334811,812.7044067
01091,21027,982.6636353
01095,93019,623.2106934
01097,412992,1271.8225098
01099,23068,1034.5616455
01107,19746,889.9703369
01109,32899,673.0120850
01113,52947,648.3634644
01115,83593,653.6679077
01117,195085,809.5103149
01119,13763,913.0264893
01121,82291,760.2792969
01129,17581,1088.7066650
01131,11670,907.3439941
01013,20947,777.7847290
01015,118572,612.3003540
01017,34215,602.2921753
01019,25989,599.8854980
01021,43643,700.7124023
01123,41616,766.3317871
01125,194656,1351.2698975
01127,67023,805.1550293
01133,24484,631.9261475
01101,229363,799.8618164
01069,101547,581.5617676
01081,140247,616.0379639
01083,82782,607.2542114
01093,30776,743.5387573
01103,119490,599.0317383
01105,10591,724.0092163
01111,22913,583.9924927
02013,3141,7248.1376953
02016,5561,4672.9262695
02020,291826,1746.6964111
02050,17013,42321.4257813
02060,997,538.1290283
02068,1826,12774.1767578
02070,4847,19275.2910156
02090,97581,7445.5776367
02105,2150,7901.9487305
02110,31275,2844.6228027
02122,55400,16605.7246094
02130,13477,5175.9042969
02164,1631,26351.8593750
02170,88995,24999.3183594
02180,9492,23783.9453125
02185,9430,89856.6015625
02188,7523,36901.8125000
02220,8881,3164.0817871
02240,7029,25055.9863281
02270,7459,18099.2265625
02275,2369,2680.5847168
02290,5588,147804.7812500
02195,3815,3487.8208008
02198,5559,4279.9824219
02230,968,456.6601868
02261,9636,35283.4218750
02282,662,7988.2128906
02100,2508,2390.8798828
02150,13592,7027.5136719
04001,71518,11218.8496094
04003,131346,6218.6103516
04005,134421,18661.7773438
04007,53597,4795.6230469
04009,37220,4640.4379883
04011,8437,1848.3497314
04012,20489,4513.3193359
04013,3817117,9223.8945313
04015,200186,13470.1533203
04017,107449,9959.8808594
04019,980263,9188.5556641
04021,375770,5374.6269531
04023,47420,1238.0386963
04025,211033,8128.1523438
04027,195751,5519.1035156
05049,12245,620.3251343
05051,96024,734.6768188
05053,17853,632.9036255
05055,42090,579.6574097
05059,32923,622.0132446
05065,13696,584.0028687
05071,25540,682.7723999
05075,17415,592.1752319
05077,10424,618.6544800
05001,19019,1033.7475586
05003,21853,940.5502930
05005,41513,586.7291870
05007,221339,884.0599365
05011,11508,652.9191284
05013,5368,632.4588623
05017,11800,690.9829102
05019,22995,882.9350586
05021,16083,641.3819580
05029,21273,566.6405029
05037,17870,622.2463379
05039,8116,668.0377197
05041,13008,819.2286377
05045,113237,664.0504150
05057,22609,741.2088623
05061,13789,595.2600098
05063,36647,771.5902710
05067,17997,641.4985352
05069,77435,913.8531494
05073,7645,545.0446777
05081,13171,564.6899414
05085,68356,802.8416748
05091,43462,637.6887817
05093,46480,919.5279541
05095,8149,621.3430176
05097,9487,800.3280029
05099,8997,620.6948853
05103,26120,739.7800903
05107,21757,727.7794189
05109,11291,614.1148071
05117,8715,675.5886230
05121,17969,656.0105591
05131,125744,546.0905762
05133,17058,581.2575684
05139,41639,1055.5590820
05145,77076,1042.1848145
05147,7260,593.9780273
05009,36903,601.9125366
05015,27446,638.7083130
05023,25970,591.8983154
05025,8689,598.7052612
05027,24552,766.8051758
05031,96443,712.6170654
05033,61948,604.1823120
05035,50902,636.4024658
05043,18509,835.6201782
05047,18125,619.6856689
05143,203065,952.4014282
05149,22185,948.9928589
05079,14134,572.2198486
05083,22353,731.4111938
05087,15717,837.0545044
05089,16653,640.3926392
05101,8330,823.1713257
05105,10445,560.6567993
05111,24583,763.6946411
05113,20662,862.5662231
05115,61754,830.7392578
05119,382748,807.6676636
05123,28258,642.5115356
05125,107118,730.3793335
05127,11233,898.0133057
05129,8195,668.5314941
05135,17264,606.3565063
05137,12394,609.5159302
05141,17295,724.2496338
06035,34895,4720.6054688
06049,9686,4203.5156250
06075,805235,49.7018661
06083,423895,2750.0190430
06091,3240,962.2863159
06095,413344,887.5396118
06101,94737,608.5263062
06105,13786,3207.4799805
06111,823318,1858.0740967
06115,72155,643.8319702
06033,64665,1329.4238281
06071,2035210,20106.1738281
06087,262382,446.5723572
06001,1510271,756.6347046
06003,1175,743.0402832
06005,38091,605.9583130
06007,220000,1677.1125488
06009,45578,1037.0063477
06011,21419,1156.2631836
06013,1049025,760.3751831
06015,28610,1014.5754395
06017,181058,1786.3560791
06019,930450,6011.1083984
06021,28122,1326.2972412
06023,134623,3611.1066895
06025,174528,4481.0747070
06027,18546,10227.9033203
06029,839631,8162.5000000
06031,152982,1391.2943115
06037,9818605,4099.4501953
06039,150865,2152.7707520
06041,252409,545.4067383
06043,18251,1463.0052490
06045,87841,3514.0429688
06047,255793,1978.6906738
06051,14202,3131.9541016
06053,415057,3314.0085449
06055,136484,788.5800171
06057,98764,974.1405029
06059,3010232,799.7561646
06061,348432,1502.6234131
06063,20007,2613.3291016
06065,2189641,7303.9501953
06067,1418788,994.0275879
06069,55269,1390.6041260
06073,3095313,4258.3779297
06077,685306,1426.5052490
06079,269637,3322.7673340
06081,718451,461.1979370
06085,1781642,1304.1051025
06089,177223,3847.4765625
06093,44900,6347.4643555
06097,483878,1589.8283691
06099,514453,1514.4947510
06103,63463,2962.9868164
06107,442179,4838.6816406
06109,55365,2274.4016113
06113,200849,1023.4466553
08053,843,1123.6032715
08061,1398,1785.7061768
08063,8270,2161.5729980
08071,15507,4774.8940430
08073,5467,2585.7749023
08075,22709,1845.0721436
08079,712,877.7968140
08085,41276,2242.4162598
08087,28159,1293.5871582
08089,18831,1270.2150879
08095,4442,687.9958496
08099,12551,1644.3682861
08101,159063,2399.3552246
08103,6666,3222.6835938
08105,11982,912.5892944
08001,441603,1183.9006348
08003,15445,723.2592163
08005,572003,805.5687866
08007,12084,1354.9090576
08009,3788,2557.2360840
08011,6499,1541.1361084
08013,294567,740.3443604
08015,17809,1015.1630859
08019,9088,396.1795654
08023,3524,1230.5233154
08027,4255,739.6442261
08029,30952,1148.4962158
08031,600158,154.6632233
08035,285465,842.8676758
08037,52197,1692.3623047
08049,14843,1869.5549316
08051,15324,3259.5639648
08055,6711,1593.2523193
08057,1394,1621.2203369
08059,534543,773.9988403
08065,7310,383.5558472
08067,51334,1699.7286377
08069,299630,2633.6445313
08077,146723,3341.2133789
08081,13795,4750.4594727
08083,25535,2040.5659180
08091,4436,542.0812378
08093,16206,2211.0646973
08097,17148,972.9824219
08107,23509,2368.3259277
08109,6108,3170.0939941
08111,699,388.3217773
08113,7359,1288.7829590
08117,27994,619.2817993
08014,55889,33.5839424
08017,1836,1781.5126953
08021,8256,1290.9207764
08025,5823,799.5668335
08033,2064,1067.2534180
08039,23086,1850.5795898
08041,622263,2129.5148926
08043,46824,1533.9317627
08045,56389,2956.0053711
08047,5441,150.2668610
08115,2379,549.3526611
08119,23350,558.9135132
08121,4814,2523.8632813
08123,252825,4017.4082031
08125,10043,2368.6066895
09001,916829,652.8581543
09003,894014,750.5292358
09005,189927,944.5241699
09007,165676,385.7853394
09009,862477,620.8901978
09011,274055,696.3005371
09013,152691,417.1017761
09015,118428,521.4812012
10001,162310,598.8131714
10003,538479,447.3287048
10005,197145,979.0088501
11001,601723,68.3371353
12013,14625,574.3767700
12015,159978,745.0939941
12019,190865,643.4856567
12021,321520,2054.2236328
12027,34862,639.2562256
12035,95696,507.4149475
12067,8870,547.8090820
12081,322833,796.0592651
12085,146318,677.6815796
12087,73090,1192.2086182
12091,180822,995.9552002
12099,1320134,2226.9995117
12105,602095,2010.4494629
12107,74364,826.9520874
12109,190039,673.6940918
12111,277789,615.0089722
12043,12884,986.9442139
12049,27731,638.3710327
12051,39140,1189.7124023
12053,172778,499.5585632
12059,19927,489.1596680
12061,138028,539.8563843
12001,247336,968.8179321
12003,27115,589.0324707
12005,168852,883.0336304
12007,28520,300.5655823
12009,543376,1295.1414795
12011,1748066,1224.8013916
12029,16422,720.3156128
12031,864263,850.0338745
12033,297619,748.1799316
12037,11549,565.0371094
12039,46389,528.5316162
12041,16939,355.1671448
12045,15863,582.5749512
12047,14799,518.9700928
12055,98786,1106.0977783
12057,1229226,1085.2960205
12063,49746,954.6930542
12065,14761,612.3032227
12069,297052,1156.8747559
12071,618754,894.5803833
12073,275487,701.6057739
12077,8365,843.0844727
12079,19224,715.9246216
12083,331298,1662.6007080
12086,2496435,2037.3460693
12089,73314,669.1735840
12093,39996,891.8096924
12095,1145956,1003.1822510
12097,268685,1506.0313721
12101,464697,770.3252563
12103,916542,327.6350098
12113,151372,1148.5028076
12117,422718,345.2729492
12119,93420,579.9695435
12121,41551,692.2156372
12123,22570,1051.8295898
12125,15535,249.7989655
12129,30776,624.5463257
12133,24896,615.9425659
12115,379448,605.9417725
12131,55043,1148.4763184
12017,141236,654.3058472
12075,40801,1151.7792969
12127,494593,1265.8874512
12023,67531,801.2724609
13057,214346,434.4621582
13059,116714,121.0656128
13061,3183,217.3924713
13063,259424,144.3371124
13065,6798,824.0958252
13001,18236,512.3804321
13007,3451,349.2534790
13009,45720,267.4071960
13013,69367,162.9235382
13015,100157,470.1072388
13019,19286,457.6693115
13021,155547,255.3487701
13025,18411,447.2786865
13027,16243,497.6777039
13029,30233,452.2903748
13033,23316,834.7127075
13039,50513,685.6240234
13049,12171,783.8521729
13051,265128,493.1929932
13075,17212,233.2140045
13079,12630,326.5462036
13081,23439,281.2389526
13089,691893,271.1027527
13103,52250,483.1060486
13105,20166,374.1668701
13107,22598,690.2424316
13113,106567,199.3013000
13121,920581,534.3410645
13127,79626,468.1044922
13131,25011,460.2550964
13135,805321,436.8199768
13137,43041,278.9957275
13141,9429,478.6762085
13149,11834,301.2036133
13151,203922,326.5286255
13163,16930,529.7535400
13171,18317,185.8912811
13179,63453,541.6000977
13183,14464,403.9016724
13185,109233,510.4925232
13189,21875,266.4278870
13191,14333,484.8030396
13195,28120,285.5871887
13201,6125,283.5320129
13213,39628,346.6539307
13217,99958,279.1883850
13219,32808,186.3342743
13221,14899,441.9729919
13223,142324,314.3396301
13229,18758,343.2937012
13241,16276,376.9047241
13245,200549,328.2965393
13249,5010,167.8968811
13251,14593,656.5280762
13267,25520,488.2221375
13269,8906,379.7166138
13271,16500,444.0401306
13285,67044,445.9161682
13289,9023,362.6123352
13291,21356,329.0934143
13301,5834,286.6818848
13303,21187,684.2427979
13305,30099,648.6857300
13309,7421,300.2592163
13313,102599,291.0217590
13317,10593,474.0732117
13319,9563,451.9384155
13003,8375,344.7335815
13005,11096,285.8645935
13011,18395,233.9379120
13017,17634,253.8465881
13023,13063,219.1315613
13031,70217,688.6359253
13035,23655,188.0244141
13037,6694,283.6079102
13043,10998,248.8243256
13045,110527,503.8547668
13047,63942,162.4829865
13053,11267,250.8020630
13055,26015,313.6118774
13077,127317,445.8785706
13083,16633,174.1230164
13085,22330,214.4318085
13087,27842,623.0516968
13091,21796,503.0573730
13093,14918,397.2848206
13095,94565,334.8929749
13097,132403,201.0292664
13099,11008,516.2496948
13101,4034,420.9389343
13109,11000,186.8302002
13111,23682,391.8646851
13115,96317,518.4755859
13117,175511,247.1484222
13119,22084,266.4593506
13067,688078,344.5229797
13069,42356,602.5107422
13071,45498,556.6488037
13073,124053,307.6455994
13139,179684,429.2575378
13143,28780,283.1421814
13145,32024,473.6178894
13147,25213,256.9662476
13153,139900,379.9680176
13155,9538,362.9464417
13157,60485,343.0789490
13159,13900,373.5656738
13161,15068,335.2742310
13165,8340,352.4279480
13167,9980,306.6368713
13169,28669,395.4049377
13173,10078,199.7599792
13175,48434,818.5064087
13177,28298,361.7792664
13181,7996,257.3135681
13123,28292,431.2549438
13125,3082,144.3986511
13129,55186,358.0184326
13133,15994,406.2912292
13187,29966,284.1893311
13193,14740,406.0207214
13197,8742,367.4904480
13199,21992,505.4266663
13205,23498,513.8712769
13225,27695,151.2327728
13227,29431,232.7012482
13231,17869,219.4157257
13233,41475,312.1638489
13235,12010,251.2383118
13207,26424,397.7662048
13209,9123,244.8147888
13211,17868,354.6973267
13215,189885,220.8668823
13255,64073,199.5478821
13257,26175,184.4298706
13259,6058,462.9060669
13261,32819,492.4897461
13263,6865,394.7542725
13265,1717,195.3762207
13273,9315,337.4067383
13275,44720,552.1403198
13277,40118,268.8123169
13279,27223,371.0246277
13281,10471,171.9775391
13283,6885,202.4472046
13287,8930,289.7318726
13237,21218,360.5422363
13239,2513,160.6413574
13243,7719,430.7114563
13247,85215,132.1030426
13253,8729,256.5688477
13311,27144,242.2581329
13315,9255,382.0702820
13321,21679,574.7254028
13293,27153,327.5463867
13295,68756,447.0283508
13297,83768,329.9778442
13299,36312,906.7852783
13307,2799,210.2920685
15001,185079,4029.6298828
15003,953207,621.4951782
15005,90,13.0244703
15007,67091,629.6703491
15009,154834,1159.3991699
16075,22623,409.3900146
16081,10170,450.5859070
16025,1117,1078.9686279
16087,10198,1474.0738525
16001,392365,1060.1900635
16003,3976,1370.0045166
16005,82839,1147.4110107
16007,5986,1049.7777100
16009,9285,783.9096069
16011,45607,2120.2072754
16013,21376,2660.9416504
16015,7028,1906.8657227
16021,10972,1278.2274170
16023,2891,2233.7109375
16029,6963,1798.2871094
16035,8761,2488.7055664
16037,4368,4937.1342773
16039,27038,3101.0122070
16041,12786,668.3388672
16043,13242,1896.4331055
16049,16267,8504.5917969
16059,7936,4566.8540039
16061,3821,479.7693787
16063,5208,1205.9842529
16069,39265,855.7894897
16073,11526,7696.9541016
16077,7817,1442.6199951
16079,12765,2634.8605957
16083,77230,1928.2781982
16085,9862,3733.6962891
16017,40877,1919.3834229
16019,104234,1900.6542969
16027,188923,603.6405640
16031,22952,2580.1940918
16033,982,1766.1761475
16045,16719,565.4978027
16047,15464,733.5805054
16051,26140,1105.6345215
16053,22374,602.1289063
16055,138494,1315.6933594
16057,37244,1077.0977783
16065,37536,473.2574158
16067,20069,762.9440308
16071,4286,1201.5400391
17051,22140,725.3137207
17053,14081,486.1666870
17055,39561,431.4898376
17057,37069,882.5472412
17061,13886,546.1942749
17063,50063,430.3804016
17003,8238,252.6635590
17005,17768,382.7552490
17017,13642,383.7207031
17023,16335,504.9421387
17027,37762,503.3218689
17031,5194675,957.1262817
17043,916924,336.4030457
17059,5589,331.7614441
17079,9698,498.2013855
17097,703462,470.1567688
17101,16833,373.5193787
17123,12640,398.5212097
17125,14666,563.4664307
17129,12705,315.5362549
17147,16729,439.5071411
17153,6161,202.7646179
17161,147546,451.2080688
17165,24913,386.7771912
17181,17808,422.1800232
17185,11947,229.1157684
17189,14716,563.8966064
17197,677560,849.4230957
17001,67103,871.4986572
17007,54165,282.0726013
17009,6937,307.2070923
17011,34978,873.5740967
17013,5089,283.6328125
17015,15387,466.3177185
17019,201081,998.4024658
17021,34800,715.7384033
17025,13815,469.5385437
17029,53873,510.0361633
17033,19817,446.8497314
17035,11048,347.0812073
17037,105160,634.7128906
17039,16561,405.0531616
17041,19980,417.2117310
17045,18576,623.9255981
17047,6721,222.7267456
17049,34242,480.0083313
17103,36031,728.9030151
17105,38950,1046.0560303
17107,30305,618.9689331
17109,32612,590.2084961
17111,308760,611.0191040
17113,169572,1186.2595215
17115,110768,585.8552246
17065,8457,435.8807983
17067,19104,814.3579102
17069,4320,181.7267609
17071,7331,395.2332153
17073,50486,825.5953979
17075,29718,1118.8105469
17077,60218,602.4156494
17081,38827,583.7468262
17083,22985,377.1123352
17085,22678,618.6506348
17087,12582,348.8514404
17089,515269,524.1832886
17091,113449,681.2675781
17093,114736,322.3054504
17095,52919,719.8327026
17099,113924,1148.1468506
17163,270056,674.0234375
17167,197465,876.9586792
17169,7544,441.3269043
17171,5355,252.8043823
17173,22363,767.8314209
17117,47765,867.6196899
17119,269282,740.4776001
17121,39437,576.0557861
17127,15429,241.9319000
17131,16434,568.7780151
17133,32957,397.7681885
17135,30104,709.6556396
17137,35547,572.3240967
17139,14846,344.5724182
17141,53497,762.9979858
17143,186494,630.5677490
17145,22350,446.9128113
17149,16430,848.9114380
17151,4470,374.7713013
17155,6006,172.2070770
17157,33476,597.2553101
17159,16233,361.8137817
17175,5994,288.4036865
17177,47711,564.9243164
17179,135394,657.8794556
17183,81625,901.3669434
17187,17707,542.9828491
17191,16760,715.5780029
17193,14665,503.3923645
17195,58498,696.5628052
17199,66357,444.3412170
17201,295266,519.2257690
17203,38664,542.5805664
18025,10713,308.8786621
18029,50047,307.1757507
18031,25740,373.2778931
18035,117671,395.8114929
18037,41889,435.3512573
18039,197559,467.8839417
18041,24277,215.1443634
18043,74578,148.7702789
18045,17240,397.9046631
18047,23087,391.1860352
18053,70061,414.8275757
18055,33165,545.9417725
18057,274569,402.4638062
18059,70002,307.0345154
18063,145448,408.7477417
18065,49462,394.8579712
18069,37124,387.7357178
18073,33478,561.4255371
18075,21253,383.9555054
18077,32428,362.9811401
18079,28525,378.3910522
18081,139654,321.7860107
18085,77358,554.4939575
18087,37128,386.7868042
18001,34387,339.9297485
18007,8854,406.4319458
18017,38966,414.9379578
18027,31648,436.8405762
18033,42223,363.8351440
18049,20836,371.2877197
18051,33503,498.6893921
18061,39364,486.3001709
18067,82752,293.9285583
18071,42376,513.9682617
18083,38440,524.2199707
18093,46134,451.9446411
18107,38124,505.5079041
18123,19338,386.3615723
18125,12845,341.0196228
18131,13402,434.4741516
18145,44436,412.8030701
18147,20952,401.2270813
18161,7516,165.3045197
18175,28262,516.5430298
18179,27636,370.1876526
18181,24643,508.7818604
18003,355329,660.0520020
18005,76794,409.4934082
18009,12766,165.6791229
18011,56640,423.2232056
18013,15242,316.6503296
18015,20155,374.9341125
18019,110232,376.1125488
18021,26890,360.2814331
18023,33224,405.2271729
18105,137974,411.3053894
18109,68894,409.4632568
18111,14244,403.5997009
18113,47536,417.4886169
18115,6128,87.3559036
18117,19840,408.1560669
18119,21575,387.8652344
18121,17339,449.9758606
18127,164343,420.4403992
18149,23363,312.2191772
18151,34185,322.5051270
18153,21475,452.7300720
18155,10613,223.5252686
18157,172780,503.1404724
18159,15936,260.5783081
18163,179703,235.7154388
18129,25910,414.7535095
18133,37963,482.7151184
18135,26171,453.1540833
18137,28818,448.0048218
18139,17392,408.4809265
18141,266931,461.1841431
18143,24181,192.7503204
18089,496005,504.9662170
18091,111467,604.2224121
18095,131636,452.9117432
18097,903393,402.9945679
18099,47051,449.6836243
18101,10334,340.4132385
18103,36903,377.3022461
18165,16212,259.9138184
18167,107848,409.7738037
18169,32888,421.0843201
18171,8508,366.4272766
18173,59689,390.9245605
18177,68917,404.3248901
18183,33292,337.8917236
19185,6403,527.2197266
19187,38013,718.4244995
19189,10866,401.3719788
19191,21056,690.0711060
19193,102172,877.5362549
19195,7598,401.8191833
19197,13229,582.3121338
19003,4029,425.5586243
19005,14330,658.7281494
19007,12887,516.2231445
19039,9286,431.7594604
19041,16667,572.6569824
19043,18129,792.8056030
19047,17096,715.0352173
19049,66135,591.7094116
19051,8753,504.8560181
19053,8457,533.3840332
19057,40325,429.7933044
19059,16667,403.7483826
19061,93653,616.5789185
19063,10302,402.0271606
19065,20880,731.2523193
19069,10680,582.5294189
19071,7441,516.7086182
19073,9336,571.2286987
19075,12453,501.9318542
19011,26076,718.5308228
19013,131090,572.6177368
19015,26306,573.6251831
19017,24276,439.4049377
19019,20958,573.1562500
19023,14867,581.7449341
19025,9670,572.2205811
19027,20816,570.1921997
19029,13956,565.0252075
19031,18499,581.9022217
19035,12072,577.1546021
19037,12439,505.6765137
19001,7682,570.2605591
19009,6119,443.3603210
19021,20260,580.2272339
19033,44151,575.0955811
19045,49116,710.1866455
19055,17764,578.9612427
19067,16303,501.4430542
19081,11341,573.0856934
19099,36842,732.9672241
19111,35862,538.7474365
19117,8898,434.3699036
19131,10776,469.3764343
19141,14398,573.1843872
19157,18914,586.1037598
19163,165224,468.1868896
19175,12534,425.6937866
19121,15679,562.2267456
19123,22381,573.3761597
19125,33309,570.4955444
19127,40648,573.1174927
19129,15059,440.5120850
19133,9243,698.9511719
19135,7970,434.3484497
19137,10740,425.0248108
19139,42745,449.1873169
19143,6462,399.3985901
19145,15932,535.4699097
19147,9421,569.5474243
19149,24986,864.1304321
19151,7310,578.5339966
19153,430640,591.5129395
19155,93158,958.9238281
19077,10954,593.0389404
19079,15673,577.4441528
19083,17534,569.9621582
19085,14928,701.1315308
19087,20145,436.6011047
19089,9566,473.5095520
19091,9815,435.6941223
19093,7089,432.2184753
19095,16355,587.4875488
19097,19848,649.6317139
19101,16843,436.9137573
19103,130882,623.0974731
19105,20638,576.9676514
19107,10511,579.9329834
19109,15543,974.6255493
19113,211226,724.5200195
19115,11387,417.5757751
19119,11581,587.5269165
19159,5131,538.9841309
19161,10350,578.2965088
19165,12167,591.3742065
19167,33704,768.8454590
19169,89542,573.6977539
19171,17767,722.0916138
19173,6317,534.7322998
19177,7570,490.5637512
19179,35625,435.9839783
19181,46225,573.3272095
19183,21704,570.8746948
20021,21603,590.9345093
20023,2726,1020.3765869
20025,2215,977.3857422
20027,8535,655.5794678
20029,9533,718.0014038
20031,8601,654.0917969
20035,36311,1132.4099121
20037,39134,594.9649048
20039,2961,894.0939331
20041,19754,851.9775391
20043,7945,398.1885986
20045,110826,474.6264954
20049,2882,650.6503296
20051,28452,900.4323120
20053,6497,723.2779541
20057,33848,1099.0303955
20059,25992,577.0742798
20061,34362,404.5095215
20063,2695,1071.5936279
20065,2597,898.7606201
20069,6006,869.3150024
20071,1247,778.4944458
20073,6689,1152.6038818
20075,2690,997.6026001
20077,6034,802.7448730
20079,34684,540.6817017
20083,1916,860.3757935
20085,13462,658.0322266
20001,13371,505.2058411
20003,8102,583.8271484
20017,2790,777.6657715
20033,1891,789.7502441
20047,3037,622.0580444
20055,36776,1302.7167969
20067,7829,575.2985229
20081,4256,577.9323730
20093,3977,870.7267456
20097,2553,722.8112793
20113,29180,900.4989014
20129,3233,729.6997681
20143,6091,721.3859253
20149,21604,861.9167480
20161,71115,622.0072021
20165,3307,717.6770020
20171,4936,717.6007690
20185,4437,794.8587036
20187,2235,680.3790894
20189,5724,727.5963745
20193,7900,1074.8614502
20203,2234,718.5293579
20005,16924,433.7727051
20007,4861,1136.0209961
20009,27674,900.6984863
20011,15173,639.0731201
20013,9984,572.0895996
20015,65880,1446.6552734
20019,3669,644.7718506
20087,19126,556.6804199
20089,3077,914.4014893
20091,544179,479.8226624
20095,7858,866.6942749
20099,21607,653.2389526
20101,1750,717.5418701
20103,76227,468.7662048
20105,3241,720.4047852
20157,4980,720.3183594
20159,10083,728.0922241
20163,5181,895.1526489
20167,6970,899.2623901
20169,55606,721.3157959
20173,498365,1009.1246338
20175,22952,640.5049438
20177,177934,555.7453003
20179,2556,896.2692261
20107,9656,606.3297729
20109,2756,1072.9971924
20111,33690,855.4519653
20115,12660,953.6782837
20117,10117,904.8693848
20119,4575,979.3302612
20121,32787,590.1675415
20123,6373,719.2526855
20125,35471,651.4638672
20127,5923,702.8959961
20131,10178,719.2761230
20133,16512,577.7151489
20135,3107,1075.4487305
20137,5671,881.2146606
20139,16295,719.7135620
20141,3858,894.4281006
20145,6973,754.6931152
20147,5642,894.5031128
20151,9656,735.7237549
20153,2519,1070.0227051
20155,64511,1272.0772705
20181,6010,1056.2864990
20183,3853,896.8858032
20191,24132,1184.7480469
20195,3001,899.7481689
20197,7053,799.6776733
20199,1485,913.8573608
20201,5799,898.4724731
20205,9409,575.2799072
20207,3309,505.1922913
20209,157505,155.8832855
21183,23842,596.2645264
21185,60316,196.7231903
21187,10841,354.2868652
21189,4755,198.2868500
21191,14877,281.9233704
21193,28712,342.5660706
21195,65024,788.8098145
21197,12613,180.1362457
21199,63063,676.9550171
21201,2282,100.1104584
21203,17056,318.2170715
21205,23333,286.2526245
21209,47173,285.4801331
21213,17327,236.4258881
21217,24512,276.9878540
21229,11717,301.1435852
21235,35637,445.0765076
21237,7355,222.7557678
21239,24939,192.0189514
21207,17565,282.9878540
21211,42074,385.6259155
21215,17061,191.6516266
21219,12460,377.1871338
21221,14339,481.0678101
21223,8809,156.1077118
21225,15007,363.2894287
21227,113792,547.5328369
21231,20813,484.1071167
21233,13621,335.7225342
21007,8249,274.0812378
21009,42173,499.9924011
21015,118811,256.8312073
21019,49542,161.9315491
21021,28432,182.6493378
21023,8488,208.9157410
21001,18656,412.3280334
21003,19956,352.0613403
21005,21421,204.3038330
21013,28691,361.2304688
21017,19985,291.5862732
21025,13878,495.2435913
21027,20059,585.6365967
21029,74319,300.2719421
21031,12690,431.5850830
21033,12984,348.0440674
21043,27720,412.1049805
21049,35613,255.1051941
21051,21730,471.1250916
21055,9315,370.9520264
21059,96656,476.9514771
21061,12161,307.8040771
21067,295803,285.5129700
21071,39451,395.7597961
21079,16912,233.9475403
21085,25746,511.1354065
21089,36910,354.3933716
21093,105543,630.3120117
21095,29278,468.2724915
21097,18846,309.8296814
21101,46250,466.6550293
21107,46920,554.3967285
21109,13494,346.5287170
21115,23356,264.1552429
21119,16346,352.8504639
21121,31883,387.7496033
21123,14193,263.6239014
21125,58849,443.6888428
21131,11310,404.4583435
21133,24519,338.9929199
21135,13870,495.6853943
21139,9519,341.9954529
21151,82916,443.2988586
21153,13333,309.1377869
21155,19820,346.8774719
21165,6306,205.9823303
21167,21331,253.2910614
21169,10099,291.2076416
21175,13923,383.8112793
21177,31499,479.3920593
21179,43437,424.1467285
21035,37191,410.7983093
21037,90336,159.6991272
21039,5104,198.9196625
21041,10811,137.2667236
21045,15955,445.6695251
21047,73955,723.8286743
21087,11258,288.6677856
21091,8565,198.8402710
21099,18199,417.7805786
21103,15416,291.0611877
21105,4902,252.9431458
21111,741096,398.3005371
21113,48586,174.4886932
21117,159720,164.2693329
21053,10272,205.6063538
21057,6856,310.7825317
21063,7852,235.3360901
21069,14348,351.3239746
21073,49285,212.0395813
21075,6813,230.4990082
21077,8589,104.6281433
21081,24662,260.7668457
21083,37121,556.7642822
21129,7887,211.1964417
21137,24742,336.5783997
21141,26835,557.1055298
21143,8314,256.7924805
21145,65565,268.0254211
21147,18306,431.0899963
21149,9531,256.1961670
21159,12929,230.7691498
21011,11591,283.9602661
21157,31448,340.2257996
21161,17490,246.6245880
21163,28602,324.0263367
21171,10963,332.1133423
21173,26499,198.8975067
21181,7135,196.8741608
21065,14672,255.6949768
21127,15860,420.1031494
22047,33387,652.8335571
22049,16274,580.3369751
22059,14890,662.3821411
22061,46735,472.5943604
22069,39566,1298.8416748
22073,153720,631.7742310
22079,131613,1361.6075439
22083,20725,564.4682007
22087,35897,614.8612671
22089,52780,410.6441345
22093,22102,257.9244690
22095,45924,347.6453857
22101,54650,694.4796143
22115,52334,1339.4887695
22121,23788,203.8195648
22125,15625,426.0976868
22021,10132,540.5189819
22075,23042,1246.3782959
22119,41207,614.8019409
22001,61773,657.4685669
22003,25764,766.1226807
22005,107215,302.7534180
22007,23421,364.5521851
22009,42073,865.7153320
22013,14353,822.0188599
22015,116979,867.2137451
22017,254969,936.5408325
22025,10407,739.4397583
22029,20822,747.2607422
22031,26656,896.0762939
22033,440171,470.2662964
22035,7759,442.5008240
22037,20267,455.7992249
22039,33984,679.5657959
22041,20767,635.4759521
22045,73240,628.4088745
22051,432552,521.8147583
22053,31594,658.4934692
22055,221578,269.1700134
22057,96318,1272.7301025
22063,128026,702.9334106
22065,12093,648.7727661
22067,27979,806.0769043
22071,343829,349.8701782
22077,22802,590.7418213
22081,9091,402.3419495
22085,24233,1016.2207642
22091,11203,409.4710693
22097,83384,938.9949951
22099,52160,816.5735474
22103,233740,1116.4163818
22105,121097,823.1881104
22107,5252,641.0270386
22109,111860,1582.8580322
22111,22721,905.0775757
22113,57999,1307.3684082
22117,47168,676.2789917
22123,11604,360.4189148
22127,15313,956.9810181
22011,35654,1165.6042480
22019,192768,1094.3210449
22023,6839,1652.1431885
22027,17195,767.3124390
22043,22309,664.5502319
23001,107702,497.1098328
23003,71870,6828.7255859
23005,281674,955.5253296
23007,30768,1743.4057617
23009,54418,1785.7379150
23011,122151,951.3287964
23013,39736,418.9849854
23015,34457,519.5354614
23017,57833,2176.2858887
23019,153923,3558.0332031
23021,17535,4377.4272461
23023,35293,296.4448853
23025,52228,4093.8745117
23027,38786,771.9893188
23029,32856,2845.9946289
23031,197131,1025.3774414
24001,75087,431.0350952
24003,537656,454.1267395
24005,805029,631.5836792
24009,88737,241.3439941
24011,33066,326.0414429
24013,167134,452.8955078
24015,101108,380.4137878
24017,146551,488.8594055
24019,32618,649.0726318
24021,233385,667.4680176
24023,30097,656.5086060
24025,244826,464.1497498
24027,287085,253.3331146
24029,20197,302.4753113
24031,971777,507.1242676
24033,863420,498.6724548
24035,47798,399.8150024
24037,105151,413.3452454
24039,26470,370.8864441
24041,37782,327.3705444
24043,147430,467.4230652
24045,98733,387.2041931
24047,51454,584.9595947
24510,620961,91.9389572
25001,215888,454.2169800
25003,131219,946.3435669
25005,548285,590.9113770
25007,16535,122.1969299
25009,743159,534.6769409
25011,71372,724.4428711
25013,463490,634.2800903
25015,158080,545.1973877
25017,1503085,847.1176147
25019,10172,60.4071770
25021,670850,415.5054626
25023,494919,704.1896362
25025,722023,69.9897079
25027,798552,1579.1258545
26067,63905,580.0262451
26069,25887,566.5513916
26071,11817,1211.2772217
26075,160248,723.4826660
26077,250331,580.2463379
26079,17153,570.5921631
26001,10942,695.1083984
26003,9601,946.0526733
26007,29598,601.0337524
26013,8860,928.4321899
26017,107771,450.8416748
26029,25949,460.2034607
26033,38520,1654.3790283
26039,14074,563.2167969
26041,37069,1196.8629150
26047,32694,484.2437439
26055,86986,491.3370056
26061,36628,1042.1513672
26063,33118,848.9804077
26073,70311,577.6387329
26083,2156,590.9314575
26089,21708,380.3723145
26097,11113,1093.6186523
26099,840978,484.1730347
26103,67077,1871.2685547
26107,42798,571.1147461
26109,24029,1050.6124268
26115,152021,566.3314819
26129,21699,575.0539551
26135,8640,571.3164673
26141,13376,687.0177612
26147,163040,749.3495483
26163,1820584,634.6834717
26165,32735,575.4420166
26005,111408,842.7310181
26009,23580,525.3411255
26011,15899,370.2477722
26015,59173,577.0600586
26019,17525,347.1733704
26021,156813,580.4570923
26023,45248,519.5973511
26025,136146,718.4263916
26027,52293,508.4785767
26031,26152,797.2725830
26035,30926,575.2199707
26037,75382,574.5610352
26043,26168,777.2107544
26045,107759,579.4288330
26049,425790,649.5930176
26051,25692,515.8989868
26057,42476,571.6156616
26059,46688,606.9237671
26065,280895,560.6972046
26139,263801,577.1607056
26143,24449,580.1102905
26145,200169,816.0310059
26149,61295,520.9465942
26151,43114,963.0734863
26153,8485,1221.5778809
26081,602622,871.9338989
26085,11539,574.2008057
26087,88319,662.8308105
26091,99892,761.2468872
26093,180967,585.4651489
26095,6631,927.0869751
26101,24733,557.6557007
26105,28705,510.0957947
26111,83629,528.0136108
26113,14849,573.9930420
26117,63342,720.8843384
26119,9765,562.9370728
26121,172188,527.5612793
26123,48460,861.7279663
26125,1202362,907.2629395
26127,26570,546.2556152
26131,6780,1328.9971924
26133,23528,573.2025757
26137,24164,525.8740845
26155,70648,540.9454346
26157,55729,815.9667969
26159,76258,623.1333008
26161,344791,722.4030762
26053,16427,1143.7778320
27055,19027,568.8552856
27057,20428,999.6734619
27059,37816,451.6404419
27063,10266,719.5509644
27065,16239,533.6220703
27067,42239,862.2694092
27071,13311,3154.7714844
27001,16202,1995.4552002
27013,64013,765.6005249
27015,25893,618.4689331
27021,28567,2413.8437500
27023,12441,587.7687988
27027,58999,1052.7303467
27031,5176,1614.6496582
27033,11687,648.4467773
27051,6018,575.3691406
27053,1152425,606.6113281
27061,45058,2927.5727539
27069,4552,1102.5756836
27073,7259,778.0198975
27075,10866,2286.2590332
27077,4045,1775.1909180
27083,25857,721.5109253
27089,9439,1813.4460449
27097,33198,1153.4775391
27103,32727,466.7863464
27107,6852,876.8851318
27113,13930,617.9670410
27119,31600,1998.4847412
27125,4089,432.5950928
27127,16059,881.7254028
27129,15730,987.0660400
27137,200226,6741.8989258
27139,129928,368.3675842
27145,150642,1389.9882813
27163,238136,422.9437256
27167,6576,751.0480957
27171,124700,714.1714478
27173,10438,763.3563232
27003,330844,446.1216125
27005,32504,1444.9609375
27007,44442,3055.3037109
27009,38451,412.9564514
27011,5269,528.0536499
27017,35386,875.2653198
27019,91042,376.1458130
27025,53887,442.4077759
27029,8695,1029.8479004
27035,62500,1156.4290771
27037,398552,586.8830566
27039,20087,439.5983582
27041,36009,720.0681152
27043,14553,721.9929199
27045,20866,862.1903076
27047,31255,722.5757446
27049,46183,780.3593140
27147,36576,432.3072205
27149,9726,575.2711792
27151,9783,752.2540894
27153,24895,979.4692383
27155,3558,585.8411255
27157,21676,549.5543823
27159,13843,543.2076416
27165,11211,439.7841797
27079,27703,473.7500000
27081,5896,548.4664307
27085,36651,505.4244690
27087,5413,582.8944702
27091,20840,729.7419434
27093,23300,644.7940674
27095,26097,681.8179321
27099,39163,711.8225098
27101,8725,719.7058716
27105,21378,722.5081177
27109,144248,654.8161621
27111,57303,2224.6367188
27115,29750,1434.2770996
27117,9596,465.9451599
27121,10995,717.1201782
27123,508640,170.0635834
27131,64142,515.9894409
27133,9687,482.6737671
27135,15629,1678.1015625
27141,88499,450.9855347
27143,15226,600.6820679
27169,51461,641.5919189
27161,19136,432.9356995
28027,26151,582.9041748
28029,29449,779.3254395
28031,19568,414.9378967
28035,74934,470.1697083
28037,8118,566.8316040
28041,14400,718.6867065
28043,21906,449.2616272
28045,43929,485.7396545
28047,187105,594.4030151
28057,23401,540.4671021
28059,139668,751.9523926
28061,17062,677.4890747
28063,7726,527.4392700
28065,12487,409.1063843
28069,10456,766.9287109
28071,47351,679.1573486
28073,55658,500.4178467
28075,80261,715.0139771
28077,12929,435.7321167
28001,32297,487.5522461
28003,37057,401.4706421
28007,19564,736.6561279
28009,8729,408.6621399
28011,34145,905.9145508
28017,17392,504.3049927
28021,9604,501.3070068
28033,161252,497.0239563
28039,22578,483.8170776
28049,245285,877.2399292
28051,19198,764.6403809
28053,9375,431.1554565
28055,1406,441.5449829
28067,67761,699.7331543
28083,32317,606.3751831
28087,59779,516.3924561
28089,95203,741.7872314
28099,29676,571.6334839
28109,55834,817.7081299
28121,141617,806.1246948
28137,28886,411.0120239
28143,10778,481.4727173
28149,48773,620.7679443
28151,51137,761.0677490
28157,9878,687.6835938
28159,19198,610.0537720
28163,28065,934.2908936
28005,13131,731.4513550
28013,14962,587.9179077
28015,10597,634.5902100
28019,8547,419.8108521
28023,16732,693.4639282
28025,20634,416.0435791
28097,10925,407.9528198
28101,21720,579.6153564
28103,11545,700.2811279
28105,47671,461.8849487
28107,34707,705.1278687
28111,12250,650.2055664
28113,40404,410.7646179
28115,29957,501.0006714
28117,25276,418.2926636
28119,8223,406.5177307
28123,28264,610.4535522
28145,27134,416.9265747
28147,15443,404.4291077
28153,20747,813.4804688
28155,10253,423.2960815
28161,12678,495.0473328
28129,16491,637.2840576
28125,4916,435.0213623
28127,27503,590.4910889
28131,17786,448.0438538
28133,29450,707.0952759
28135,15378,651.9393311
28139,22232,459.9021912
28141,19593,444.5429688
28079,23805,585.4761353
28081,82910,453.1921997
28085,34869,588.2781982
28091,27088,548.6509399
28093,37144,709.8264771
28095,36989,771.9284668
29053,17601,569.1767578
29055,24696,743.7526855
29059,16777,542.7733154
29061,8433,569.1204224
29063,12892,425.8025513
29065,15657,754.6873169
29067,13684,814.6752930
29071,101492,930.7053223
29001,25607,569.3677368
29013,17049,851.5004272
29017,12363,621.2598267
29023,42794,699.1893921
29027,44332,847.3317871
29029,44002,708.6251221
29031,75674,586.3194580
29033,9295,701.4193726
29041,7831,766.7377319
29057,7883,506.1533813
29069,31953,547.2766724
29075,6738,491.6624146
29087,4912,470.6321716
29095,674158,616.3076782
29099,218733,664.1192017
29103,4131,506.8825684
29115,12761,621.3012695
29137,8840,670.1486816
29143,18956,696.9289551
29157,18971,484.2273254
29167,31137,642.4103394
29171,4979,519.4985962
29183,360485,592.5734253
29185,9805,702.1135864
29189,998954,523.3664551
29195,23370,766.8877563
29199,4843,439.2066956
29207,29968,828.9681396
29225,36202,593.7991333
29003,17291,436.4319763
29005,5685,550.0703735
29007,25529,696.7991943
29009,35597,790.9948730
29011,12402,596.6906738
29015,19056,752.5089111
29019,162642,690.9920654
29021,89201,414.6572571
29025,9424,429.6834717
29035,6265,509.0681458
29037,99478,702.6726685
29039,13982,498.6347351
29043,77422,563.7311401
29045,7139,511.8768005
29047,221939,408.7703247
29049,20743,423.4468079
29051,75990,401.9791260
29127,28781,444.0095825
29129,3785,455.2875366
29131,24748,600.0501099
29133,14358,428.9664001
29135,15607,418.7959595
29139,12236,541.9365234
29073,15222,524.3833618
29077,275174,677.9507446
29079,10261,438.0195007
29081,8957,726.3092651
29083,22272,732.2847290
29085,9627,411.7467041
29089,10144,471.5789185
29091,40400,928.4577637
29093,10630,551.9625854
29097,117404,641.3967285
29101,52595,833.1246948
29105,35571,767.9721680
29107,33381,638.9396973
29109,38634,613.4426270
29111,10211,510.8644409
29113,52566,640.4824219
29117,15195,538.5348511
29119,23083,539.5717163
29121,15566,812.5765991
29123,12226,497.5657043
29125,9176,529.9689331
29197,4431,308.1800842
29201,39191,425.8716125
29203,8441,1003.9708252
29205,6373,502.3574219
29209,32202,510.8360291
29211,6714,651.5427856
29213,51675,651.5673218
29215,26008,1179.2175293
29141,20565,614.0321655
29145,58114,626.6284790
29147,23370,877.8538208
29149,10881,791.6028442
29151,13878,610.4605103
29153,9723,755.1983643
29155,18296,513.5503540
29159,42201,686.3064575
29161,45156,674.2683105
29163,18516,684.7059326
29165,89322,427.3038635
29169,52274,551.4716187
29173,10167,483.8627319
29175,25414,487.7849731
29177,23494,573.9239502
29179,6696,814.4742432
29181,14100,631.5604858
29186,18145,506.5627441
29187,65359,454.8275757
29510,319294,66.1726379
29217,21159,836.8430176
29219,32513,437.8650208
29221,25195,762.4033813
29223,13521,773.9241333
29227,2171,266.8114319
29229,18815,683.1027832
30001,9246,5573.4086914
30003,12865,5013.7807617
30005,6491,4238.8715820
30007,5612,1238.9445801
30009,10078,2062.2722168
30011,1160,3348.3425293
30013,81327,2711.3596191
30015,5813,3997.2922363
30017,11699,3793.3178711
30019,1751,1426.4270020
30021,8966,2383.3398438
30023,9298,741.3911133
30027,11586,4350.8129883
30029,90928,5256.2260742
30031,89513,2630.7536621
30033,1206,4847.3222656
30035,13399,3037.3154297
30039,3079,1733.0258789
30043,11406,1658.7111816
30045,2072,1870.3808594
30047,28746,1653.7299805
30049,63395,3498.2338867
30053,19687,3675.1232910
30055,1734,2682.3242188
30057,7691,3602.6992188
30059,1891,2395.0541992
30061,4223,1223.3507080
30069,494,1673.4488525
30071,4253,5212.0395508
30073,6153,1639.9986572
30077,7027,2332.0715332
30081,40212,2396.6638184
30083,9746,2102.9558105
30085,10425,2369.4545898
30089,11413,2790.1870117
30093,34200,719.0397949
30099,6073,2292.4873047
30105,7369,5061.6093750
30091,3384,1706.3468018
30095,9117,1804.8483887
30097,3651,1862.0028076
30101,5324,1945.8818359
30103,718,984.4052124
30107,2168,1428.4251709
30109,1017,890.2822266
30111,147972,2648.6635742
30025,2890,1622.7575684
30037,884,1175.9971924
30041,16096,2916.0998535
30051,2339,1447.1566162
30063,109299,2618.7412109
30065,4538,1871.3117676
30067,15636,2812.9465332
30075,1743,3297.4921875
30079,1179,1742.7303467
30087,9233,5026.6669922
31051,6000,482.8689880
31053,36691,542.9573975
31055,517110,339.6839294
31057,2008,921.0953369
31059,5890,576.5355835
31063,2756,980.0449219
31065,4959,720.7806396
31001,31364,564.2189941
31029,3966,897.4295044
31033,9998,1196.5745850
31049,1941,440.7607117
31061,3225,576.0298462
31075,614,783.2864380
31091,736,721.2944336
31101,8368,1109.4982910
31113,763,571.1163330
31125,3735,448.1994934
31151,14200,576.2388916
31163,3152,571.6538696
31171,647,714.0497437
31003,6685,858.5705566
31005,460,718.3876953
31007,690,745.9788818
31009,478,714.0982666
31011,5505,687.2909546
31013,11308,1078.0089111
31015,2099,544.5925903
31017,3145,1225.2016602
31019,46102,975.3593750
31021,6858,497.0407715
31023,8395,590.8637695
31025,25241,565.8829956
31027,8852,745.9656372
31031,5713,6009.3164063
31035,6542,573.5361938
31037,10515,416.4831543
31039,9139,574.6907349
31041,10939,2576.0332031
31043,21006,267.2481384
31045,9182,1400.9851074
31047,24326,1019.4780273
31103,824,774.2095337
31105,3821,952.4423828
31107,8701,1139.8830566
31109,285407,846.3843994
31111,36288,2575.4145508
31115,632,570.9705811
31117,539,860.2105713
31119,34876,575.4023438
31121,7845,494.5597229
31123,5042,1429.7261963
31127,7248,409.5393372
31129,4500,575.7387085
31131,15740,618.9778442
31133,2773,433.2056274
31067,22311,860.0927124
31069,2057,1730.9649658
31071,2049,571.3771973
31073,2044,462.6192322
31077,2538,570.6354980
31079,58607,552.1937866
31081,9124,547.0216675
31083,3423,574.0789795
31085,967,713.4434204
31087,2908,718.5532227
31089,10435,2417.4389648
31093,6274,575.5630493
31095,7547,575.8377075
31097,5217,376.7767944
31099,6489,516.3421631
31165,1311,2067.5192871
31167,6129,431.0108643
31169,5228,575.0848389
31173,6940,396.2182922
31175,4260,570.5004883
31177,20234,393.6240540
31179,9595,443.3098145
31181,3812,575.1335449
31183,818,575.5607910
31185,13665,575.8312378
31135,2970,884.4552612
31137,9188,540.4707031
31139,7266,574.6228027
31141,32237,684.5097656
31143,5406,440.6696167
31145,11055,718.0031738
31147,8363,554.3662720
31149,1526,1011.7216187
31153,158840,247.5479736
31155,20780,759.8037109
31157,36970,745.2739868
31159,16750,575.9094238
31161,5469,2469.7297363
32001,24877,5025.2050781
32003,1951269,8051.3388672
32005,46997,737.8563232
32007,48818,17202.4648438
32009,783,3588.0625000
32011,1987,4180.4204102
32013,16528,9656.0947266
32015,5775,5521.4257813
32017,5345,10636.1396484
32019,51980,2024.4111328
32031,421407,6541.9960938
32033,10030,8896.8896484
32021,4772,3812.8908691
32023,43946,18197.5898438
32027,6753,6066.9257813
32029,4010,263.6635437
32510,55274,157.2812195
33001,60088,468.7409973
33003,47818,992.5150757
33005,77117,729.1326294
33007,33055,1831.1656494
33009,89118,1750.0703125
33011,400721,892.1215210
33013,146445,956.4439087
33019,43742,551.8972778
33017,123143,383.6564331
33015,295223,726.6004028
34001,274549,611.3242188
34003,905116,246.6784210
34005,448734,819.4120483
34007,513657,227.4127655
34009,97265,285.8887634
34011,156898,504.3626099
34013,783969,129.6416779
34015,288288,337.0072021
34017,634266,57.8845940
34019,128349,437.4085083
34021,366513,228.9366455
34023,809858,318.2877197
34025,630380,485.8148804
34027,492276,481.6405334
34029,576567,756.9934082
34031,501226,197.0862427
34033,66083,348.5175476
34035,323444,304.8253174
34037,149265,535.7955322
34039,536499,105.1079712
34041,108692,362.8058777
35013,209233,3814.8066406
35019,4687,3031.9172363
35023,4894,3445.3610840
35025,64727,4394.3051758
35027,20497,4831.5405273
35028,17950,109.2460785
35031,71492,5455.1005859
35035,63797,6626.6816406
35037,9041,2881.4160156
35041,19846,2455.0729980
35047,29393,4735.3354492
35049,144170,1911.1428223
35053,17866,6647.4135742
35057,16383,3345.4914551
35059,4549,3830.5686035
35061,76569,1068.4008789
35001,662564,1167.2761230
35003,3725,6931.0410156
35005,65645,6075.4736328
35006,27213,4540.4633789
35007,13750,3767.8872070
35009,48376,1407.8281250
35011,2022,2333.5144043
35015,53829,4196.7685547
35017,29514,3967.5791016
35021,695,2126.3945313
35029,25095,2965.4709473
35033,4881,1933.9916992
35039,40246,5896.1586914
35043,131561,3715.9401855
35045,130044,5538.5966797
35051,11988,4237.3779297
35055,32937,2204.4755859
36001,304204,533.3225098
36003,48946,1034.2468262
36005,1385108,49.0654526
36009,80317,1322.6237793
36011,80026,735.4414063
36013,134905,1083.9361572
36017,50477,898.6372681
36025,47980,1467.4923096
36031,39370,1916.5584717
36041,4836,1807.8708496
36045,116229,1351.5668945
36051,65393,640.2720947
36053,73442,661.3306885
36059,1339532,327.2109070
36063,216469,532.7998047
36065,234878,1257.7338867
36067,467026,805.6427002
36071,372813,838.6878662
36075,122109,1019.0642700
36077,62259,1015.7018433
36081,2230722,127.2092133
36091,219607,843.7844238
36103,1493350,1165.8511963
36105,77547,996.7013550
36113,65707,931.6211548
36115,63216,845.7965698
36119,949113,477.9103394
36123,25348,375.7527161
36069,107931,662.5385742
36073,42883,392.7661743
36079,99710,246.2980347
36083,159429,665.3133545
36007,200600,715.3417358
36015,88830,410.7702332
36019,82128,1117.4252930
36021,63096,648.5206909
36023,49336,501.5083618
36027,297488,825.3466797
36033,51599,1697.9876709
36035,55531,532.8540649
36037,60079,495.3532715
36039,49221,658.0364990
36043,64519,1458.0366211
36047,2504700,83.4118652
36049,27087,1289.8607178
36055,744344,667.0764771
36057,50219,410.4119263
36061,1585873,32.9017029
36085,468730,59.1682892
36087,311687,199.4017792
36089,111944,2820.4375000
36093,154727,209.3617706
36095,32749,626.3281250
36097,18343,342.3196106
36099,35251,390.4102478
36101,98990,1404.1292725
36107,51125,522.7670898
36109,101564,491.5189209
36117,93772,612.6486206
36121,42155,596.2824097
36029,919040,1054.8695068
36111,182493,1160.7000732
37041,14793,180.4064026
37043,10587,220.5723877
37045,98078,468.2350769
37059,41240,267.0942383
37063,267587,297.8921204
37067,350670,412.6735229
37069,60619,494.4940491
37071,206086,364.0119324
37001,151131,434.7381897
37009,27281,429.1815186
37013,47759,871.5363159
37015,21282,717.1301880
37017,35190,887.1811523
37019,107431,894.2472534
37021,238318,660.1177368
37031,66469,657.1068726
37039,27444,466.7512817
37047,58098,953.6282349
37049,103505,740.2773438
37051,319431,658.4612427
37053,23547,302.0793457
37055,33920,458.0687256
37057,162878,567.0919189
37061,58505,821.7642822
37065,56552,506.6784668
37075,8861,301.4233093
37083,54691,731.1561279
37085,114678,601.2934570
37087,59036,554.6369629
37089,106740,375.0822449
37093,46952,392.2713013
37095,5810,750.0861206
37099,40271,494.5260315
37101,168878,795.4735107
37103,10153,473.2058105
37111,44996,445.9575500
37113,33922,519.4377441
37115,20764,451.1721802
37117,24505,461.4741516
37119,919628,545.9808350
37121,15579,222.0943909
37125,88247,705.8767700
37127,95840,542.7575073
37129,202667,219.7905273
37131,22099,550.6725464
37133,177772,816.9145508
37141,52217,881.0940552
37145,39464,403.9699402
37147,168148,654.8143921
37153,46639,479.9591370
37155,134168,951.0289307
37161,67810,565.8729858
37167,60585,404.8478394
37173,13981,540.4510498
37175,33090,380.9064941
37181,45422,269.8484802
37193,69340,756.8253174
37199,17818,313.2154541
37003,37198,263.6940308
37005,11155,236.5820618
37007,26948,537.0158691
37011,17797,247.3183136
37023,90912,515.1166992
37025,178011,364.4206543
37027,83029,474.2903442
37033,23719,428.1343384
37035,154358,413.5249939
37037,63505,709.8057861
37143,13453,256.2727051
37149,20510,238.4787903
37151,141752,789.3341064
37157,93643,572.5599976
37159,138428,523.7566528
37073,12197,345.7216797
37077,59916,536.4127808
37079,21362,266.4923096
37081,488406,657.6023560
37091,24669,359.1465759
37097,159437,596.9003296
37105,57866,259.0809937
37107,59495,402.8101501
37109,78265,306.9555969
37123,27798,501.7760620
37135,133801,401.4405518
37137,13144,393.1893921
37139,40661,233.2283020
37165,36157,320.2631226
37169,47401,455.7700806
37171,73673,536.2482910
37177,4407,414.4227295
37179,201292,639.4795532
37183,900993,857.3299561
37185,20972,443.7828064
37187,13228,378.4182739
37189,51079,313.0906372
37191,122623,556.7694702
37195,81234,373.7795715
37197,38406,337.4533386
37163,63431,946.5400391
37029,9980,247.9202881
38073,5457,863.7045898
38075,2470,892.7899170
38079,13937,939.4635620
38081,3829,867.4763184
38083,1321,1005.7254639
38087,727,1219.2335205
38089,24199,1340.1873779
38093,21100,2297.8581543
38095,2246,1041.5446777
38001,2343,988.7281494
38003,11066,1513.4462891
38005,6660,1439.4945068
38007,783,1153.4887695
38009,6429,1697.5977783
38011,3151,1166.8651123
38017,149778,1767.8658447
38027,2385,644.1928711
38035,66861,1439.0767822
38037,2394,1665.9348145
38051,2809,994.4681396
38053,6360,2860.6118164
38059,27471,1945.3746338
38067,7413,1122.2701416
38071,11451,1300.9272461
38077,16321,1445.8725586
38085,4153,1128.1296387
38091,1975,715.4026489
38097,8121,862.0267944
38099,11119,1293.8651123
38105,22398,2147.8745117
38013,1968,1128.9959717
38015,81308,1668.3518066
38019,3993,1510.2326660
38021,5289,1141.6511230
38023,2071,1294.3024902
38025,3536,2082.0336914
38029,3550,1554.9697266
38031,3343,646.8557129
38033,1680,1002.5286255
38039,2420,716.4104614
38041,2477,1133.7647705
38043,2435,1432.9764404
38045,4139,1150.8685303
38047,1990,1011.1264038
38049,5395,1911.4851074
38057,8424,1112.5928955
38061,7673,1941.6041260
38063,3126,1008.8026123
38065,1846,731.1917725
38069,4357,1082.2923584
38101,61675,2055.8964844
38103,4207,1290.3414307
38055,8962,2327.8776855
39029,107841,534.7033691
39031,36901,567.4647827
39033,43784,402.6922302
39037,52959,600.0542603
39041,174214,457.3262024
39043,77079,285.5018005
39045,146156,508.5642395
39047,29030,406.9649658
39051,42698,407.3309937
39053,30934,471.2728577
39055,93389,408.3348389
39057,161573,416.2731018
39063,74782,533.6291504
39065,32058,470.5798035
39003,106331,406.8645630
39019,28836,398.8686523
39035,1280122,459.2043457
39039,39037,414.1604919
39049,1163414,543.5003662
39059,40087,528.3191528
39061,802374,412.5912476
39079,33225,421.4985962
39093,301356,494.8054810
39095,441815,350.8172607
39101,66501,404.1205444
39137,34499,484.3001404
39159,52300,436.8897095
39175,22615,407.5679321
39001,28550,585.7894287
39005,53139,426.8201599
39007,101497,708.7620850
39009,64757,508.3258667
39011,45949,401.9391785
39013,70400,541.3526001
39015,44846,493.3950500
39017,368130,469.9994507
39021,40097,429.7645874
39023,138333,402.5462646
39025,197363,459.5585327
39027,42040,412.3185425
39113,535153,464.3345032
39115,15054,421.7492676
39117,34827,407.2004089
39119,86074,672.6804810
39123,41428,292.5337524
39125,19614,418.8179016
39127,36058,412.4664307
39129,55698,506.5518799
39131,28709,443.8191223
39067,15864,410.7446899
39069,28215,419.7326050
39071,43589,557.9581909
39073,29380,423.5393982
39075,42366,423.9853210
39077,59626,494.8332520
39081,69709,410.8712769
39083,60921,529.5855713
39085,230041,232.1805420
39087,62450,457.2039795
39089,166492,687.4989014
39091,45858,466.8089294
39097,43435,466.7525024
39099,238823,425.2374268
39103,172332,423.0020447
39105,23770,432.9449768
39107,40814,473.4293213
39109,102506,409.7059631
39111,14642,457.4458618
39121,14645,404.6092529
39133,161419,504.0773621
39135,42270,426.3633728
39139,124475,500.0928040
39141,78064,693.0875854
39143,60944,417.7366943
39145,79499,616.0148315
39147,56745,552.7502441
39149,49423,410.6275024
39151,375586,580.5484619
39153,541781,420.0537109
39155,210312,636.6862793
39157,92582,571.4685059
39161,28744,410.4715576
39163,13435,415.1540833
39165,212693,407.2842407
39167,61778,639.8823853
39169,114520,556.7974243
39171,37642,423.2184143
39173,125488,620.5440063
40051,52431,1104.9106445
40053,4527,1003.6193237
40055,6239,643.6113281
40059,3685,1040.9797363
40061,12769,625.2283325
40001,22683,577.1162720
40003,5642,881.5346069
40009,22119,903.9496460
40013,42416,943.4210205
40023,15205,800.4756470
40027,255755,558.0306396
40039,27469,1002.2721558
40057,2922,538.7354736
40065,26446,803.9267578
40075,9446,1030.7235107
40087,34506,580.2630005
40089,33151,1897.8164063
40095,15840,426.9049377
40097,41259,683.5447388
40101,70990,839.8286743
40113,47472,2303.8681641
40117,16577,594.7811279
40125,69442,793.4125366
40133,25482,640.4765625
40135,42391,714.0729980
40137,45048,891.3535156
40141,7992,879.1437378
40005,14182,989.9479370
40007,5636,1817.6654053
40011,11943,938.7127075
40015,29600,1290.1027832
40017,115541,905.5595703
40019,47557,833.8356934
40021,46987,776.3243408
40025,2475,1840.8929443
40029,5925,521.3865356
40031,124098,1083.7003174
40033,6193,642.5622559
40035,15029,762.7221680
40037,69967,969.8908081
40041,41487,792.2925415
40043,4810,1008.2337036
40045,4151,1231.6806641
40047,60580,1060.0616455
40049,27576,813.6787720
40093,7527,957.9694824
40099,13488,425.0921936
40103,11561,742.5037842
40105,10536,580.7840576
40107,12191,628.8791504
40109,718633,718.3322144
40111,40069,702.2487183
40115,31848,484.6267700
40119,77350,696.9613037
40121,45837,1377.7249756
40123,37492,725.2273560
40127,11572,1422.9689941
40063,14003,814.9494019
40067,6472,775.7412720
40069,10957,658.2728271
40071,46562,945.0292358
40073,15034,906.0877075
40077,11154,729.0728149
40079,50384,1608.4908447
40081,34273,965.6389771
40083,41848,748.7737427
40085,9423,533.9526367
40091,20252,712.3914185
40129,3647,1146.5902100
40131,86905,711.4412842
40139,20640,2049.0246582
40143,603403,586.9680176
40145,73085,590.6563721
40147,50976,424.2624207
40149,11629,1008.7970581
40151,8878,1290.0053711
40153,20081,1246.2501221
41059,75889,3231.6660156
41063,7008,3152.2290039
41067,529710,726.4606934
41069,1441,1715.1633301
41071,99193,718.3447266
41001,16134,3087.3979492
41003,85579,678.8115234
41005,375992,1882.4840088
41007,37039,856.7919922
41009,49351,688.4574585
41011,63043,1626.6684570
41013,20978,2987.0559082
41015,22364,1633.1772461
41017,157733,3054.3437500
41019,107667,5070.2480469
41021,1871,1222.6092529
41023,7445,4530.8022461
41025,7422,10224.4667969
41033,82713,1641.7261963
41035,66380,6136.1420898
41039,351715,4617.6499023
41041,46034,992.3234863
41043,116672,2309.0937500
41047,315335,1192.5916748
41051,735334,465.5698853
41055,1765,831.1704712
41061,25748,2038.4709473
41065,25213,2395.3300781
41027,22346,532.8610840
41029,203206,2801.5102539
41031,21720,1791.3862305
41037,7895,8358.4902344
41045,31313,9930.8417969
41049,11173,2048.6364746
41053,75403,744.0047607
41057,25250,1124.8503418
42009,49762,1016.9943237
42011,411442,865.7918701
42013,127089,527.0542603
42019,183862,794.8683472
42021,143679,693.5152588
42025,65249,387.3922729
42035,39238,897.1311646
42037,67295,490.3546143
42039,88765,1037.4962158
42047,31946,832.2513428
42053,7716,430.2065125
42057,14845,438.0427246
42063,88880,834.3860474
42065,45200,656.7274170
42067,24636,393.4741516
42069,214437,464.9765625
42073,91108,362.7503967
42075,133568,362.5429382
42077,349497,348.2326050
42079,320918,906.2627563
42001,101407,521.6417236
42003,1223348,744.4705200
42005,68941,663.8549194
42007,170539,444.0258484
42015,62622,1161.0855713
42017,625249,622.0893555
42027,153990,1113.0183105
42029,498886,759.5141602
42031,39988,609.8258667
42033,81642,1153.9489746
42041,235406,550.3320923
42043,268100,558.1817017
42045,558979,190.9178467
42049,280566,809.4298096
42051,136606,798.2833252
42055,149618,772.8381348
42059,38686,577.8720093
42061,45913,889.2266846
42071,519445,983.7531738
42083,43450,984.1094971
42089,169842,617.1759033
42091,799874,487.1928711
42095,297735,377.3955688
42097,94528,477.5071106
42099,45969,555.5333252
42101,1526006,142.7749176
42103,57369,566.9025879
42111,77742,1080.9345703
42123,41815,898.7190552
42125,207820,860.8749390
42127,52822,750.5892944
42129,365169,1036.0682373
42133,434972,910.6303711
42081,116111,1243.7425537
42085,116638,682.5839233
42087,46682,414.7405701
42093,18267,132.2478180
42105,17457,1081.6964111
42107,148289,782.8206787
42109,39702,331.5208740
42023,5085,398.4299622
42113,6428,452.4532471
42115,43356,832.1766357
42117,41981,1136.9134521
42119,44947,317.7607727
42121,54984,682.8058472
42131,28276,405.1348572
44001,49875,29.8889446
44003,166158,177.3844147
44005,82888,111.3642044
44007,626667,435.7169800
44009,126979,352.0366211
45021,55342,397.1819458
45033,32062,406.4825439
45037,26985,506.7156372
45039,23956,709.8679199
45047,69661,462.8910522
45055,61697,740.3967285
45059,66537,723.8256226
45065,10233,393.7048035
45069,28933,485.3073120
45075,92501,1128.1424561
45079,384504,771.7825317
45081,19875,461.7299500
45091,226073,695.8613892
45023,33140,586.1229858
45001,25417,511.1577148
45003,160099,1081.0256348
45005,10419,411.2117920
45007,187126,757.3240356
45009,15987,395.4462585
45011,22621,557.3890991
45013,162233,712.2866211
45015,177843,1229.1872559
45017,15175,392.3516846
45019,350209,1039.6555176
45025,46734,805.8878784
45027,34971,695.5900879
45029,38892,1076.5577393
45031,68681,566.7604370
45035,136555,575.6984253
45041,136885,803.7828979
45043,60158,872.9183960
45045,451225,794.7409668
45049,21090,563.0906982
45051,269291,1146.0025635
45053,24777,673.0065918
45057,76652,555.1157227
45061,19220,411.1380310
45063,262391,757.7443848
45067,33062,494.1723328
45071,37508,647.2853394
45073,74273,673.6166992
45077,119224,511.9564514
45083,284307,819.2636108
45085,107456,682.1094971
45087,28961,516.0629883
45089,34423,937.0906982
46013,36531,1731.1773682
46015,5255,846.4811401
46019,10110,2266.6264648
46021,1466,771.0737305
46025,3691,967.4196167
46027,13864,417.2231445
46029,27227,717.1165161
46031,4050,2529.5756836
46033,8216,1559.1539307
46037,5710,1091.2159424
46039,4364,636.4323730
46043,3002,433.6236267
46045,4071,1151.0440674
46047,7094,1749.1502686
46049,2364,1005.9135132
46051,7356,687.6046143
46053,4271,1053.3895264
46059,3431,1440.2257080
46061,3331,435.3381348
46063,1255,2678.2087402
46065,17022,800.7811279
46067,7343,814.3051147
46071,3031,1871.5168457
46073,2071,532.6715088
46077,5148,863.7418213
46079,11200,575.2165527
46081,24097,800.1160278
46083,44828,578.1723633
46003,2710,712.7142334
46005,17398,1264.8198242
46007,3431,1190.6047363
46009,7070,581.6479492
46011,31965,804.9543457
46017,1912,487.8194885
46023,9129,1150.2589111
46035,19504,436.8739624
46041,5301,2445.2597656
46055,1937,1826.5694580
46069,1420,865.9924316
46075,1006,971.1295166
46085,3755,1706.8093262
46093,25434,3482.7495117
46095,2048,1310.9343262
46103,100948,2784.3061523
46111,2355,570.5610352
46117,2966,1516.8702393
46123,5644,1617.2523193
46125,8347,617.5955200
46137,2801,1970.7799072
46109,10149,1135.6530762
46113,13586,2096.4912109
46115,6415,1509.8071289
46119,1373,1070.4123535
46121,9612,1390.6204834
46127,14399,467.0552673
46129,5438,744.6723022
46135,22438,532.1987305
46057,5903,538.0986938
46087,5618,576.8267212
46089,2459,1151.8131104
46091,4656,885.5991821
46097,2389,571.9149780
46099,169468,813.7962646
46101,6486,520.8617554
46105,2982,2889.9965820
46107,2329,898.5444946
47067,6819,223.3729553
47071,26026,596.1547241
47075,18787,534.0255737
47077,27769,525.8849487
47083,8426,206.7547455
47001,75129,344.8168030
47003,45058,474.7753296
47005,16489,436.1628113
47009,123010,566.6822510
47013,40716,498.1645203
47019,57424,347.5515137
47021,39105,307.1283569
47025,32213,441.5764160
47029,35662,443.2585754
47031,52796,434.5534668
47033,14586,265.6826172
47035,56053,684.8685913
47037,626681,525.8489380
47041,18723,328.9630127
47049,17959,498.9261475
47053,49683,603.6723022
47055,29485,611.0975952
47057,22657,302.4743652
47059,68831,624.2076416
47063,62544,175.7532043
47065,336463,575.8689575
47069,27253,670.4566650
47073,56833,499.6781616
47079,32330,593.3197632
47081,24690,612.5411987
47085,18538,556.8720093
47089,51407,314.2770386
47091,18244,303.3377380
47093,432226,525.7936401
47097,27815,507.6557617
47105,48556,247.3986816
47107,52266,432.2099609
47117,30617,376.1871948
47119,80956,615.5261841
47121,11753,216.7566376
47123,44519,652.7681274
47127,6362,130.4107819
47129,21987,522.4619141
47135,7915,422.8897095
47141,72321,402.5516357
47143,31809,336.3969116
47145,54181,394.9508667
47149,262604,624.0457764
47151,22228,533.1003418
47155,89889,597.8683472
47159,19166,325.3206177
47163,156823,429.6684570
47165,160645,543.0729980
47167,61081,473.3356018
47183,35021,581.7509155
47185,25841,379.4635010
47187,183182,583.7674561
47189,113993,583.2241821
47007,12876,406.7191772
47011,98963,331.4786682
47015,13801,265.6913147
47017,28522,599.9912109
47023,17131,285.9883423
47027,7861,259.2738647
47039,11757,344.9018860
47043,49666,491.4433899
47045,38335,526.4674683
47047,38413,706.1568604
47051,41052,575.3203735
47061,13703,361.0762634
47147,66283,476.5683899
47153,14112,266.1052856
47157,927644,785.0188599
47161,13324,493.4422913
47087,11638,319.6138916
47095,7832,193.8044281
47099,41869,617.8285522
47101,12161,282.4920959
47103,33361,570.7586060
47109,26075,563.4838867
47111,22248,307.1223450
47113,98294,558.5875244
47115,28237,512.4257813
47125,172331,543.7326660
47131,31807,555.3945923
47133,22083,434.8112183
47137,5077,174.5518799
47139,16825,442.3474426
47169,7870,116.6594162
47171,18313,186.4460144
47173,19109,247.1234741
47175,5548,274.5023499
47177,39839,434.0584412
47179,122979,329.8408813
47181,17021,735.6508789
48185,26604,801.5911255
48189,36273,1004.7621460
48191,3353,904.0633545
48199,54635,897.4712524
48201,4092459,1774.9617920
48203,65631,915.7962036
48211,3807,912.5601196
48213,78532,948.3107910
48223,35161,792.7212524
48225,23732,1236.5334473
48233,22150,895.2198486
48241,35710,969.6638184
48243,2342,2264.1437988
48261,416,1444.4053955
48263,808,902.7968140
48269,286,912.9910278
48273,32061,912.5921021
48277,49793,931.6602783
48287,16612,634.1618652
48289,16801,1080.6093750
48295,3302,932.2509155
48301,82,676.5409546
48311,707,1156.4332275
48313,13664,472.3605957
48321,36702,1212.1052246
48327,2242,902.2050171
48333,4936,749.7058105
48339,455746,1076.9083252
48341,21904,909.4254761
48343,12934,258.6897583
48347,64524,981.1588745
48349,47735,1086.1076660
48355,340223,859.6389771
48217,35089,985.7111816
48219,22935,908.5755005
48221,51182,436.8529663
48227,35012,904.0758057
48229,3476,4570.9428711
48231,86129,882.0290527
48235,1599,1051.0751953
48237,9044,920.1750488
48367,116927,910.0665894
48371,15507,4764.8706055
48373,45413,1109.6674805
48379,10914,258.8113098
48383,3367,1175.9099121
48387,12860,1060.1423340
48391,7383,790.7568970
48405,8865,592.3308105
48407,26384,627.8959351
48409,64804,714.3661499
48411,6131,1138.3383789
48419,25448,832.7236328
48423,209714,949.7175903
48425,8490,191.9387665
48435,4128,1453.8989258
48443,984,2358.6008301
48447,1641,915.5938110
48453,1024266,1023.0192261
48455,14585,714.0455322
48457,21766,935.7321777
48467,52579,859.6979980
48469,86793,888.8310547
48473,43205,517.8587646
48475,10658,836.0190430
48481,41280,1094.3173828
48491,422679,1134.3863525
48495,7110,841.1756592
48499,41964,695.6931152
48507,11677,1301.7767334
48183,121730,275.7395935
48193,8517,836.3770752
48195,5613,920.1668701
48197,4139,696.3668213
48205,6062,1463.1025391
48207,5899,910.2966919
48209,157107,679.9134521
48215,774769,1584.5747070
48001,58458,1077.9541016
48003,14786,1501.5568848
48005,86771,864.6791382
48007,23158,286.7883606
48011,1901,913.9238281
48015,28417,656.3639526
48023,3726,901.0781860
48025,31861,880.4306030
48029,1714773,1256.0871582
48035,18212,1002.5148315
48037,92565,925.0457153
48039,313166,1463.0430908
48041,194851,591.1845703
48051,17187,676.8518677
48055,38066,547.1057739
48057,21381,571.3060913
48063,12401,203.2282410
48067,30464,960.2972412
48071,35096,637.4454346
48073,50845,1062.1993408
48079,3127,775.1856079
48083,8895,1281.4509277
48091,108472,574.9752197
48101,1505,901.3598022
48103,4375,786.0063477
48105,3719,2807.1804199
48113,2368139,908.6115112
48119,5231,277.9509277
48125,2444,905.5078735
48127,9996,1334.3841553
48135,137130,901.3641357
48153,6446,992.5283203
48155,1336,707.7428589
48157,585375,885.3034668
48161,19816,891.9689941
48167,291309,430.6141663
48173,1226,901.0095825
48175,7210,859.2466431
48305,5915,893.4602051
48307,8283,1073.4311523
48309,234906,1060.2031250
48315,10546,420.4528809
48317,4799,915.6978149
48319,4012,932.1220703
48323,54258,1292.6097412
48239,14075,856.7423096
48245,252273,989.7164917
48247,5300,1136.2857666
48249,40838,868.3490601
48251,150934,734.5360718
48253,20202,937.2680664
48255,14824,753.6497192
48257,103350,807.6922607
48259,33410,662.8141479
48265,49625,1107.3503418
48267,4607,1251.3513184
48271,3598,1364.9851074
48275,3719,855.4685669
48279,13977,1017.6641235
48281,19677,713.9093018
48283,6886,1494.0115967
48285,19263,970.5858154
48291,75643,1176.4183350
48293,23384,933.0365601
48297,11531,1078.8237305
48299,19301,965.9440308
48303,278831,900.7182007
48403,10834,572.3038940
48413,3461,1311.1231689
48415,16921,907.4971924
48417,3378,915.4583130
48421,3034,923.2685547
48427,60968,1228.1624756
48429,9630,921.4518433
48431,1143,923.6168213
48433,1490,920.6795654
48437,7854,900.7897339
48325,46006,1334.8516846
48329,136872,901.9323120
48331,24757,1021.7949219
48335,9403,916.0022583
48337,19719,937.2995605
48345,1210,989.8914185
48351,14445,941.6633911
48353,15216,913.7349243
48357,10223,918.1401367
48359,2052,1500.8031006
48361,81837,379.5806885
48363,28111,985.4148560
48365,23796,821.5521851
48369,10269,884.9376831
48375,121073,921.9140625
48377,7818,3857.2783203
48381,120725,922.4742432
48385,3309,700.1800537
48393,929,923.5941162
48397,78337,148.7010651
48399,10501,1057.1840820
48401,53330,938.3902588
48439,1809034,902.2418823
48441,131506,919.2249146
48445,12651,891.0372925
48449,32334,425.6731567
48451,110224,1541.4941406
48459,39309,592.6174316
48461,3355,1241.4348145
48463,26405,1558.6575928
48465,48879,3239.1538086
48471,67861,801.5527344
48497,59127,922.7493896
48501,7879,799.8946533
48503,18550,930.8536377
48505,14018,1057.7918701
48009,9054,925.4730225
48013,44911,1221.6129150
48017,7165,827.4622192
48019,20485,797.5384521
48479,250304,3377.0212402
48483,5410,915.1787720
48485,131500,632.9129028
48487,13535,978.5302734
48489,22134,615.6944580
48493,42918,808.3638306
48097,38437,896.8555298
48099,75388,1056.7760010
48107,6059,901.6369629
48109,2398,3814.1657715
48111,6703,1505.3231201
48115,13833,902.1466675
48117,19372,1498.9432373
48121,662614,953.0269775
48123,20097,910.2895508
48021,74171,895.6102905
48027,310235,1087.7996826
48031,10497,713.3943481
48033,641,906.0324097
48043,9232,6192.8637695
48045,1637,901.4805298
48047,7223,943.7358398
48049,38106,956.9169312
48053,42750,1021.3575439
48059,13544,901.2449951
48065,6182,924.0440063
48069,8062,899.2369385
48075,7041,713.6987915
48077,10752,1115.7752686
48081,3320,927.7167358
48085,782341,886.1163330
48087,3057,919.5153198
48089,20874,973.7601929
48093,13974,947.7163696
48095,4087,993.5519409
48129,3677,933.1157227
48131,11782,1795.9598389
48133,18583,931.9562378
48137,2002,2120.4426270
48141,800647,1014.6259155
48143,37890,1089.7662354
48145,17866,773.9142456
48147,33915,899.2641602
48149,24554,959.7732544
48151,3974,901.8244629
48159,10605,294.7704163
48163,17217,1134.1447754
48165,17526,1502.6145020
48169,6461,896.1665649
48171,24837,1061.6528320
48177,19807,1069.9238281
48179,22535,929.2371826
48181,120877,979.0226440
48395,16622,865.4204102
48477,33718,621.7787476
48139,149610,951.6478882
48061,406220,971.5830078
48389,13783,2641.3894043
48187,131533,714.6760254
49027,12503,6829.0517578
49033,2264,1086.1403809
49037,14746,7933.4399414
49039,27822,1602.4613037
49041,20802,1918.2044678
49053,138115,2429.2407227
49055,2778,2465.8942871
49045,58218,7288.1430664
49001,6629,2591.1958008
49003,49975,6727.4921875
49005,112656,1173.1707764
49007,21403,1484.2768555
49009,1059,720.7988281
49011,306479,633.8159790
49013,18607,3255.8608398
49015,10976,4471.0034180
49017,5172,5209.2885742
49019,9225,3683.4240723
49021,46163,3302.2324219
49023,10246,3405.9714355
49025,7125,4108.7031250
49029,9469,610.8427734
49031,1556,765.9425659
49035,1029655,807.5388794
49043,36324,1882.1820068
49047,32588,4501.3964844
49049,516564,2144.3706055
49051,23530,1206.1708984
49057,231236,659.3034058
50015,24475,463.8713379
50017,28936,691.7994385
50019,27231,721.0777588
50021,61642,944.8355103
50023,59534,695.2991333
50025,44513,798.2261963
50027,56670,976.8833008
50001,36821,807.4987793
50003,37125,677.6851807
50005,31227,657.5792847
50007,156545,619.2388306
50009,6306,673.6362915
50011,47746,691.9308472
50013,6970,194.6342621
51021,6824,358.7641602
51025,17434,569.4265137
51035,30042,477.6771545
51043,14034,178.4056396
51045,5190,330.5911865
51049,10052,299.7573242
51065,25691,290.0526123
51071,17286,360.3931885
51075,21717,289.9645996
51077,15533,445.8203430
51079,18403,156.9586487
51089,54151,384.3771667
51099,23584,187.2117767
51001,33164,599.7796631
51003,98970,726.1050415
51005,16250,448.8152161
51007,12690,358.5609436
51009,32353,478.8184814
51015,73750,970.8779907
51017,4731,534.5357056
51019,68676,769.1917114
51023,33148,545.9935303
51027,24098,503.7574768
51029,17146,583.7371826
51031,54842,507.3565674
51033,28545,536.8810425
51036,7256,201.8226776
51037,12586,477.5025330
51041,316236,436.8986511
51047,46689,382.6210022
51051,15903,333.7122803
51053,28001,507.0851135
51057,11151,276.2219543
51059,1081726,403.8273926
51061,65203,651.1969604
51063,15279,381.2189636
51067,56159,711.5470581
51069,78305,415.3959656
51073,36858,254.0201416
51081,12243,296.7299194
51083,36241,829.8424683
51085,99863,473.7531433
51087,306935,244.9286957
51091,2321,415.8735046
51093,35270,324.5013123
51095,67009,157.6743011
51097,6945,326.2846069
51101,15935,285.6411743
51107,312311,520.9719238
51111,12914,432.3497925
51113,13308,321.8567810
51117,32727,679.3313599
51121,94392,389.2801208
51125,15020,474.3271790
51127,18429,223.4155884
51137,33481,343.2047424
51139,24042,314.0445251
51141,18490,485.9630432
51143,63506,978.2392578
51147,23368,353.8067627
51161,92376,251.2325897
51163,22307,600.9816895
51165,76314,853.5237427
51167,28897,476.6672974
51171,41993,512.2661133
51175,18570,602.3640747
51177,122397,414.3356934
51179,128961,278.6990051
51185,45078,519.7006226
51191,54876,566.0471802
51193,17454,246.8783417
51195,41452,405.2777100
51570,17411,7.8435502
51610,12332,2.0059345
51678,7042,2.4933295
51720,3958,7.5339394
51790,23746,19.9979534
51840,26203,9.2483912
51105,25587,437.1969910
51013,207627,25.9182701
51103,11391,148.1969910
51109,33153,510.8691711
51115,8978,103.3626175
51119,10959,141.2820129
51131,12389,353.6807251
51133,12330,216.8432922
51135,15853,316.0637512
51145,28046,262.3380432
51149,35725,281.8786011
51155,34872,329.6192932
51157,7373,266.9686279
51159,9254,205.5497284
51169,23177,538.6367798
51173,32208,452.2132568
51181,7058,284.2388306
51183,12087,492.8383484
51187,37575,216.7381287
51197,29235,464.6973572
51199,65464,125.8525848
51510,139966,15.5857830
51515,6222,6.8950253
51520,17835,13.1812983
51530,6650,6.7830253
51540,43475,10.2444162
51550,222209,350.8471985
51580,5961,5.6658916
51590,43055,43.9408302
51595,5927,6.9382753
51600,22565,6.2757101
51620,8582,8.3483210
51630,24286,10.4866123
51640,7042,8.2633352
51650,137436,58.9649734
51660,48914,17.4553051
51670,22591,10.8079100
51680,75568,49.6756706
51683,37821,9.9321289
51685,14273,2.5263958
51690,13821,11.0093479
51700,180719,71.8453674
51710,242803,64.0589447
51730,32420,23.1855087
51735,12150,20.7085476
51740,95535,40.6561966
51750,16408,10.2201881
51760,204214,62.4388542
51770,97032,42.8846359
51775,24802,14.5510740
51800,84585,417.4179993
51810,437994,306.4815979
51820,21006,15.2016172
51830,14068,9.1693678
51153,402002,344.3835754
51011,14973,334.5509033
53001,18728,1929.8581543
53003,21623,641.3142090
53005,175177,1760.1309814
53007,72453,2993.8356934
53009,71404,1772.8081055
53011,425363,656.4313354
53013,4078,873.5087280
53015,102410,1166.2117920
53017,38431,1848.6928711
53019,7551,2257.1333008
53021,78163,1265.3139648
53025,89120,2791.4260254
53027,72797,1936.8475342
53029,78506,213.2122192
53031,29872,1834.8659668
53033,1931249,2194.6293945
53035,251133,438.1911621
53041,75455,2436.4013672
53043,10570,2339.2521973
53047,41120,5315.0712891
53049,20920,963.1129150
53053,795225,1709.2971191
53055,15769,204.5291290
53057,116901,1764.2150879
53061,713335,2113.4985352
53065,43531,2540.9377441
53067,252264,763.0658569
53071,58781,1299.2263184
53073,201140,2170.8798828
53075,44776,2177.5432129
53077,243231,4311.2910156
53023,2266,718.0055542
53039,20318,1904.3441162
53045,60699,1021.5949707
53051,13001,1425.1760254
53059,11066,1683.3526611
53063,471221,1780.6655273
53069,3978,276.8176880
53037,40915,2333.2717285
54077,33520,651.3864746
54079,55486,350.4146118
54089,13927,367.7513123
54091,16895,175.6608582
54097,24254,354.7107849
54001,16589,342.8531494
54003,104169,321.6678467
54005,24629,503.1532288
54007,14523,516.2905273
54009,24069,92.6522369
54011,96319,288.0634766
54013,7627,280.7876892
54015,9386,343.7916870
54019,46039,668.2941284
54021,8693,340.0760193
54025,35480,1024.3015137
54031,14025,584.3681641
54033,69099,416.5892029
54039,193063,910.9899292
54041,16372,389.5834045
54043,21720,438.5685120
54045,36743,455.5965271
54057,28212,327.9104614
54059,26839,423.5595703
54067,26233,654.4689941
54071,7695,698.0078735
54075,8719,941.9887695
54081,78859,609.3487549
54083,29405,1039.9038086
54085,10449,453.6171265
54087,14926,483.6685181
54093,7141,421.1197205
54095,9208,260.7536011
54099,42481,512.2918091
54103,16583,361.3287964
54109,23796,501.8427124
54017,8202,320.5388489
54023,11937,480.1329956
54027,23964,644.7089233
54029,30676,87.9912338
54035,29211,471.6278687
54037,53498,211.5754089
54047,22113,535.2609863
54049,56418,311.4720459
54051,33107,312.1091309
54053,27324,444.6343994
54055,62264,420.6963501
54061,96189,366.0661316
54063,13502,473.6696777
54065,17541,229.0813446
54069,44443,108.9056778
54073,7605,134.5979309
54101,9154,556.2848511
54105,5717,234.7470398
54107,86956,376.8563232
55053,20449,1000.1854858
55055,83686,582.7817383
55059,166426,278.8988647
55061,20574,343.4471741
55063,114638,479.9178467
55067,19977,887.7568359
55001,20875,688.4824219
55003,16157,1057.2349854
55005,45870,889.7428589
55007,15014,1513.7269287
55009,248007,535.0877686
55011,13587,709.7166748
55015,48971,397.0740051
55029,27785,511.2808838
55033,43857,863.8702393
55043,51208,1183.4003906
55057,26664,804.0584717
55065,16836,634.6492920
55075,41749,1430.0245361
55083,37660,1016.8571167
55097,70019,822.6298828
55107,14755,930.7805176
55111,61976,848.6231689
55121,28816,741.9133301
55137,24496,637.6384888
55013,15457,880.3348999
55017,62415,1041.4788818
55019,34690,1218.6987305
55021,56833,795.8941650
55023,16644,599.1846313
55025,488073,1238.3262939
55027,88759,907.1096802
55031,44159,1342.5234375
55035,98736,645.1885986
55037,4423,497.3437195
55039,101633,765.7840576
55041,9304,1046.5024414
55045,36842,584.5484619
55047,19051,380.3407898
55049,23687,767.8833618
55051,5916,802.7718506
55109,84345,735.5892334
55113,16557,1351.0198975
55115,41949,909.4335327
55117,115507,517.7808838
55119,20689,984.4511719
55123,29773,816.4661255
55069,28743,907.0784302
55071,81442,595.7139282
55073,134063,1576.2983398
55077,15404,464.2000122
55078,4232,364.9145508
55079,947735,242.1795502
55081,44673,908.3993530
55085,35998,1235.9249268
55087,176695,644.4867554
55089,86395,233.8794403
55091,7469,248.6816711
55093,41019,591.7318726
55095,44205,956.3504639
55099,14159,1278.2572021
55101,195408,340.4246216
55103,18021,589.2975464
55105,160331,726.0807495
55125,21430,1017.8099365
55127,102228,576.5318604
55129,15911,853.3237915
55131,131887,435.6796570
55133,389891,580.6208496
55135,52410,765.2798462
55139,166994,578.5151367
55141,74749,809.4716797
56009,13833,4264.5566406
56001,36299,4309.2890625
56003,11668,3159.0207520
56005,46133,4807.7583008
56007,15885,7963.6318359
56011,7083,2865.0668945
56013,40123,9266.1757813
56015,13249,2231.9577637
56017,4812,2006.1553955
56021,91738,2687.6542969
56029,28205,6967.3461914
56033,29116,2527.1853027
56035,10247,4934.8120117
56039,21294,4216.7529297
56041,21118,2088.1704102
56019,8569,4174.2866211
56023,18106,4094.3354492
56025,75450,5376.6464844
56027,2484,2628.0893555
56031,8667,2110.9047852
56037,43806,10491.0292969
56043,8533,2242.6335449
56045,7208,2399.5180664
72001,19483,67.1045227
72013,96440,126.3375854
72023,50917,72.7346725
72033,28140,5.9550295
72037,13631,30.6134262
72049,1818,13.3711290
72053,36993,30.8815060
72054,12680,15.2320194
72067,17250,11.2981424
72095,12225,20.8976517
72097,89080,77.2742310
72113,166327,116.7380295
72127,395326,52.2370033
72135,74066,27.5687943
72141,33149,115.0786743
72041,43480,36.4601135
72043,40512,78.0571747
72045,20778,28.4958954
72047,37142,42.5485611
72051,38165,23.1259575
72055,19427,36.7384377
72003,41959,30.8367367
72005,60949,36.7910156
72007,28659,30.0778084
72009,25900,31.3319359
72011,29261,39.6101913
72015,19575,14.9213362
72017,24816,18.7699585
72019,30318,34.3550301
72021,208116,44.5458679
72025,142893,59.0762100
72027,35159,46.4417953
72029,47648,33.0107689
72031,176762,47.7967720
72035,48119,51.9684715
72039,18782,66.7098618
72089,20068,25.9085407
72091,44113,45.6925659
72093,6276,36.6473503
72099,40109,50.3576546
72101,32610,38.9154816
72103,26720,51.6744499
72057,45362,65.9609146
72059,21581,41.8568115
72061,97924,27.7509022
72063,45369,28.3079472
72065,41953,41.8307266
72069,58466,44.5733833
72071,45631,55.1703644
72073,16642,44.4877510
72075,50747,60.4671097
72077,40290,26.6472149
72079,25753,60.4496307
72081,30753,61.6125336
72083,9881,46.5481606
72085,38675,33.8963165
72087,30060,20.1657677
72143,39951,27.9259205
72145,59662,46.8719292
72147,9301,55.0901718
72149,26073,37.0037117
72151,37941,55.3199883
72105,30402,27.7394924
72107,23423,63.7660713
72109,19277,47.2316895
72111,24282,45.2415352
72115,25919,23.2240391
72117,15200,14.5198679
72119,54304,61.1778641
72121,25265,35.8525200
72123,31078,69.9853210
72125,35527,54.5486145
72129,41058,53.1801682
72131,42430,71.1933517
72133,23274,33.2640038
72137,89609,23.1469421
72139,74842,21.3683243
72153,42043,68.7290649